{
  "breakout_expansion": {
    "avg_holding_bars": 0.0,
    "drawdown_contribution_usd": 0.0,
    "expectancy_usd": 0.0,
    "live_shadow_divergence_rate": 0.0,
    "pair_contribution": {},
    "partial_frequency": 0.0,
    "profit_factor": 1.0,
    "replacement_exit_share": 0.0,
    "score": 0.5740000000000001,
    "session_pnl_mix": {},
    "sleeve": "breakout_expansion",
    "state": "healthy",
    "trades": 0,
    "win_rate": 0.0
  },
  "failed_breakout_reversal": {
    "avg_holding_bars": 0.0,
    "drawdown_contribution_usd": 0.0,
    "expectancy_usd": 0.0,
    "live_shadow_divergence_rate": 0.0,
    "pair_contribution": {},
    "partial_frequency": 0.0,
    "profit_factor": 1.0,
    "replacement_exit_share": 0.0,
    "score": 0.5740000000000001,
    "session_pnl_mix": {},
    "sleeve": "failed_breakout_reversal",
    "state": "healthy",
    "trades": 0,
    "win_rate": 0.0
  },
  "no_trade": {
    "avg_holding_bars": 82.38888888888889,
    "drawdown_contribution_usd": 898.9464515724486,
    "expectancy_usd": -48.80903829271971,
    "live_shadow_divergence_rate": 0.0,
    "pair_contribution": {
      "AUDUSD": -172.95757049999884,
      "CHFJPY": -42.70240793687385,
      "EURCAD": -28.591350533733912,
      "EURCHF": -8.61090023045183,
      "EURJPY": -15.309232328047216,
      "EURUSD": -292.939042249986,
      "GBPJPY": -56.77339548987024,
      "GBPUSD": -260.67878999999294
    },
    "partial_frequency": 0.6111111111111112,
    "profit_factor": 0.022675168546289086,
    "replacement_exit_share": 0.0,
    "score": 0.37777777777777777,
    "session_pnl_mix": {
      "asia": -10.775732300888976,
      "london_ny_overlap": -193.09846728581869,
      "london_open": -471.5779229322492,
      "new_york": -203.11056674999796
    },
    "sleeve": "no_trade",
    "state": "degraded",
    "trades": 18,
    "win_rate": 0.2222222222222222
  },
  "range_mean_reversion": {
    "avg_holding_bars": 60.7,
    "drawdown_contribution_usd": 134.2903636133994,
    "expectancy_usd": 9.021360364396719,
    "live_shadow_divergence_rate": 0.0,
    "pair_contribution": {
      "CHFJPY": -33.93782006397036,
      "EURCAD": 1.416473616160674,
      "EURCHF": -5.579914176914871,
      "EURUSD": -86.34635600000217,
      "GBPJPY": -0.6535880078485133,
      "USDCHF": 215.31480827654244
    },
    "partial_frequency": 0.6,
    "profit_factor": 1.6717801725794548,
    "replacement_exit_share": 0.0,
    "score": 0.5878103517295957,
    "session_pnl_mix": {
      "asia": -78.31665096774009,
      "london_ny_overlap": -50.393798468744436,
      "london_open": 218.9240530804517
    },
    "sleeve": "range_mean_reversion",
    "state": "healthy",
    "trades": 10,
    "win_rate": 0.3
  },
  "trend_pullback": {
    "avg_holding_bars": 51.0,
    "drawdown_contribution_usd": 53.987901382068955,
    "expectancy_usd": 18.160697961574805,
    "live_shadow_divergence_rate": 0.0,
    "pair_contribution": {
      "EURCAD": -2.2780895203748095,
      "EURCHF": -13.384345530887613,
      "GBPCAD": 9.006510234346575,
      "GBPJPY": -21.155327832765312,
      "USDCAD": 227.578930227004
    },
    "partial_frequency": 0.9090909090909091,
    "profit_factor": 4.700230467629769,
    "replacement_exit_share": 0.0,
    "score": 0.6604908512013122,
    "session_pnl_mix": {
      "london_ny_overlap": -32.655697718965,
      "london_open": 224.098085099412,
      "new_york": 8.325290196875839
    },
    "sleeve": "trend_pullback",
    "state": "healthy",
    "trades": 11,
    "win_rate": 0.45454545454545453
  }
}